book_name,author,price_regular,final_price
Muôn Kiếp Nhân Sinh (Many Lives - Many Times),Nguyên Phong,168.000đ,112.560đ
Đừng Lựa Chọn An Nhàn Khi Còn Trẻ,Cảnh Thiên,81.000đ,60.750đ
Vui Vẻ Không Quạu Nha - Tản Văn,Ở Đây Zui Nè,69.000đ,44.739đ
Đàn Ông Sao Hỏa Đàn Bà Sao Kim,John Gray,188.000đ,114.900đ
Đắc Nhân Tâm (Khổ Lớn),Dale Carnegie,76.000đ,53.200đ
Sapiens: Lược Sử Loài Người (Tái Bản Có...,Yuval Noah Harari,209.000đ,122.657đ
Boxset Harry Potter - Tiếng Việt (Trọn Bộ 7...,J. K. Rowling,1.550.000đ,1.056.000đ
Sách Tài Chính Cá Nhân Cho Người Việt Nam -...,Lâm Minh Chánh,None,200.000đ
Máy Tính Khoa Học Casio FX-580VN X,None,650.000đ,579.000đ
Chủ Nghĩa Khắc Kỷ - Phong Cách Sống Bản Lĩnh...,William B. Irvine,125.000đ,81.028đ
Tự Học 2000 Từ Vựng Tiếng Anh Theo Chủ Đề,The Windy,65.000đ,42.250đ
"Cặp chống gù, học sinh cấp 1, siêu nhẹ,...",None,None,245.000đ
Sách Muôn Kiếp Nhân Sinh Tặng Bookmark,None,168.000đ,116.900đ
Sức Mạnh Của Ngôn Từ (Tặng Kèm 1 Photocard...,Yun Naru,96.000đ,73.772đ
25 Chuyên Đề Ngữ Pháp Tiếng Anh Trọng Tâm –...,None,110.000đ,65.274đ
Tại Sao Tình Dục Lại Thú Vị,Jared Diamond,129.000đ,83.850đ
"Nóng Giận Là Bản Năng , Tĩnh Lặng Là Bản Lĩnh",Tống Mặc,89.000đ,71.200đ
Combo 3 cuốn 25 Chuyên Đề Ngữ Pháp Tiếng Anh...,Trang Anh,328.000đ,194.635đ
Thám Tử Lừng Danh Conan Tập 97,Gosho Aoyama,None,20.000đ
Thuật Đọc Tâm,Don Richard Riso,199.000đ,139.300đ
Tôi Từng Nghĩ Mọi Thứ Sẽ Ổn Khi Trở Thành...,Kim Haenam,96.000đ,76.800đ
Nhà Giả Kim,Paulo Coelho,69.000đ,44.850đ
Tôi Quyết Định Sống Cho Chính Tôi (Tặng Kèm...,Kim Suhyun,88.000đ,66.000đ
999 Lá Thư Gửi Cho Chính Mình – Mong Bạn Trở...,Miêu Công Tử,99.000đ,74.250đ
Mindmap English Grammar - Ngữ Pháp Tiếng Anh...,Đỗ Nhung,190.000đ,161.500đ
Giải Thích Ngữ Pháp Tiếng Anh (Tái Bản 2020),Mai Lan Hương,180.000đ,128.250đ
Tôi Tự Học,Thu Giang - Nguyễn Duy Cần,60.000đ,40.200đ
Hành Trình Về Phương Đông (Tái Bản 2019),Nguyên Phong,88.000đ,59.840đ
"Thiên Tài Bên Trái, Kẻ Điên Bên Phải",Cao Minh,145.000đ,108.750đ
Hai Số Phận (Bìa Cứng),Jeffrey Archer,175.000đ,103.845đ
Tuổi Trẻ Đáng Giá Bao Nhiêu (Tái Bản),Rosie Nguyễn,80.000đ,52.000đ
Cẩm Nang Cấu Trúc Tiếng Anh,Trang Anh,98.000đ,58.153đ
Bạn Đắt Giá Bao Nhiêu?,Vãn Tình,99.000đ,74.250đ
Công Phá Toán 3,Ngọc Huyền LB,189.000đ,161.000đ
Thế Giới Otomegame Thật Khắc Nghiệt Với Nhân...,Mishima Yomu,127.000đ,95.250đ
Đừng Bao Giờ Đi Ăn Một Mình (Tái Bản),Keith Ferrazzi,112.000đ,74.890đ
Những Gì Đã Qua Đừng Nghĩ Lại Quá Nhiều (Tái...,Minh Mẫn,72.000đ,46.800đ
Dám Bị Ghét,Koga Fumitake,96.000đ,62.400đ
Sổ Tay Nhà Thôi Miên,Cao Minh,145.000đ,94.250đ
Combo 999 Lá Thư Gửi Cho Chính Mình - Tặng...,Miêu Công Tử,198.000đ,148.500đ
Bước Chậm Lại Giữa Thế Gian Vội Vã (Tái Bản),Hae Min,85.000đ,55.250đ
Phía Sau Nghi Can X (Tái Bản 2019),Higashino Keigo,109.000đ,70.850đ
Tony Buổi Sáng - Trên Đường Băng (Tái Bản...,None,80.000đ,52.000đ
Đọc Vị Bất Kỳ Ai (Tái Bản 2019),TS. David J. Lieberman,79.000đ,45.000đ
Combo Muôn Kiếp Nhân Sinh + Bộ Bookmark Độc...,Nguyên Phong,168.000đ,143.000đ
Siêu Cò – How To Be A Power Connector,Judy Robinett,None,249.000đ
Sự Im Lặng Của Bầy Cừu (Tái Bản),Thomas Harris,115.000đ,74.750đ
Giáo Trình Hán Ngữ 1 - Tập 1 - Quyển Thượng...,Nhiều Tác Giả,89.000đ,57.850đ
Đời Ngắn Đừng Ngủ Dài (Tái Bản),Robin Sharma,75.000đ,56.250đ
Không Gia Đình (Tái Bản),Hector Malot,119.000đ,83.300đ
Tuyệt kỹ Giao dịch bằng đồ thị nến Nhật –...,Steve Nison,None,499.000đ
